{
    "validation": {
        "MAE": 10.077481583013888,
        "RMSE": 13.353644162055957,
        "MAPE": 0.14997378051074575,
        "R2": 0.8396114965318825
    },
    "test": {
        "MAE": 14.187651519841642,
        "RMSE": 19.123427305724395,
        "MAPE": 0.15669029115042676,
        "R2": 0.7668280732992122
    }
}