{
    "train": {
        "MAE": 7.776894595974853,
        "RMSE": 9.783612348063402,
        "MAPE": 10.10028896757313,
        "R2": 0.9310320614588515
    },
    "validation": {
        "MAE": 22.66000100781842,
        "RMSE": 26.625533087991563,
        "MAPE": 52.11216569978847,
        "R2": 0.4590052118841861
    },
    "test": {
        "MAE": 21.379650336669812,
        "RMSE": 25.184407978679324,
        "MAPE": 41.62252753317973,
        "R2": 0.517332742025543
    }
}